CO,NO2,Ozone,SO2
0.43,29.94,67.24,12.84
6.17,54.56,23.91,21.14
0.3,16.4,147.99,13.01
2.03,62.37,67.27,16.76
3.97,66.83,66.53,18.96
6.65,59.68,33.63,18.03
1.16,49.29,44.81,17
1.17,44.15,50.89,15.71
33.12,97.01,19.34,14.72
17.81,56.35,29.99,15.6
1.76,39.01,49.78,21.88
2,60.77,61.18,23.17
4.18,62.04,70.21,20.29
4.18,68.84,57.15,16.71
1.79,47.37,60.33,23.86
1.89,59.64,74.96,28.28
1.84,70.97,91.78,28.93
10.84,100.26,80.37,28.45
8.12,86.8,59.77,26.76
6.29,24.79,100.48,27.77
2.43,32.15,63.3,19.83
1.02,30.15,87.85,18.77
1.05,40.61,77.05,18.35
1.02,77.88,95.69,20.5
0.96,63.85,106.41,22.58
1.54,106.08,93.41,31.77
1.78,133.68,112.53,30.21
1.31,126.67,98.71,28.61
2.03,149.45,110.16,35
9.83,140.94,78.43,36.14
1.31,91.29,78.21,38.31
1.14,64.84,69.26,45.8
5.36,74.5,49.07,32.45
10.1,26.79,94.58,32.98
3,35.69,98.65,49.17
3.31,94.26,41.91,9.74
6.06,56,24.48,4.8
1.78,80.98,73.08,11.18
10.25,84.2,60.45,12.06
1.66,33.53,89.3,11.26
2.58,77.05,41.05,10.82
1.78,44.9,50.28,10.2
2.77,69.51,55.56,15.56
2.16,47.82,66.72,12.81
1.71,64.23,59.7,13.66
1.88,72.74,98.44,24.83
2.81,85.54,45.45,13.55
1.09,59.11,52.25,14.35
0.97,83.2,126.93,22.68
0.91,78.97,57.91,18.01
8.65,88.13,57.91,13.06
2.68,69.45,63.4,16.33
1.03,65.31,53.19,14.88
1.02,47.22,75.64,13.38
14.96,87.18,54.95,12.07
7.14,88.75,28.05,10.4
6.41,59.24,57.89,10.71
32.24,145.03,25.17,6.07
1.33,19.28,90.37,7.94
2.74,102.03,19.33,8.34
1.47,26.64,100.4,16.38
1.89,46.39,69.35,12.43
1.51,25.04,17.95,9.85
1.43,29.81,10.15,7.78
1.57,30.64,19.08,8.59
1.92,48.85,13.96,7.16
1.82,55.75,12.12,5.2
2.07,64.08,36.27,5.46
3,89.93,29.04,4.98
2.08,62.44,41.97,5.81
2.96,108.33,50.45,6.92
2.68,101.05,42.45,4.43
1.93,50.65,29.83,5.12
1.94,59.87,32.08,2.44
1.84,66.61,16.69,2.72
2.09,75.6,18.72,3.96
2.32,74.94,27.58,4.36
1.88,59.13,41.83,8.64
1.8,52.84,23.83,4.55
1.36,41.48,19.14,7.43
1.57,37.16,22.04,5.1
1.91,40.85,33.09,10.84
1.64,40.13,30.55,5.38
1.77,53.05,29.26,5.69
1.59,49.92,30.06,6.07
1.75,35.43,22.5,29.72
1.39,30.37,19.38,5.22
1.57,18.15,16.72,5.87
2.02,51.72,15.96,7.5
1.78,49.95,19.77,4.88
2.22,68.35,17.67,4.04
2.59,68.99,25.11,5.23
2.08,62.04,14.32,7.21
17.17,54.1,17.55,4.58
4.63,35.94,24.48,5.5
1.69,31.81,16.71,7.05
2.27,48.56,16.11,6.2
1.48,33.78,15.65,5.75
1.5,39.75,16.32,6.47
2.57,48.71,30.09,17.54
2.17,34.08,29.2,5.39
1.96,63.72,47.69,5.89
1.33,51.23,20.38,4.73
1.1,40.42,22.44,5.13
2.29,45.51,20.92,9.02
1.1,44.13,23.75,5.84
1.22,49.75,25.01,6.85
0.98,37.79,22.83,5.13
0.76,26.07,22.25,6.29
0.79,33.19,22.27,5.04
0.99,34.36,21.21,3.9
0.92,34.38,20.29,5.65
0.84,37.76,20.25,6.04
0.94,35.4,20.97,5.95
1.08,39.19,23.94,5.77
0.97,38.33,25.53,5.46
1.12,41.54,31.07,6.14
1.19,54.42,29.55,5.79
1.56,64.88,55.74,8.07
1.23,41.26,21.84,5.97
1.41,57.1,21.24,6.17
1.61,50.85,48.74,8.69
1.85,67.48,23.33,7.7
1.16,39.09,23.94,6.67
2.23,57.43,30.09,13.49
1.17,57.11,34.15,8.77
0.99,54.79,37.75,12.96
0.99,48.97,28.46,11.05
1.14,55.89,29.76,10.27
1.19,58.31,27.36,13.19
0.67,41.38,18.34,3.37
0.49,30.33,26.44,5.96
0.66,40.09,19.77,8.01
0.99,44.31,19.25,9.3
1.05,41.57,24.46,10.77
0.85,44.57,17.67,9.25
0.94,36.69,18.58,7.77
1.1,47.56,38.93,6.65
1.28,49.69,20.41,8.24
1.39,62.07,31.07,9.62
1.04,60.13,30.87,9.69
1.07,49.15,20.15,7
0.81,38.54,19.84,9.56
0.73,39.69,16.41,7.91
0.74,41.13,31.03,9.47
0.66,48.74,37.47,8.71
1.47,57.56,55.64,9.47
1.7,73.32,47.04,12.2
0.68,27.77,86.49,8.86
1.18,69.83,62.77,7.11
0.83,48.86,102.04,7.49
1.02,71.23,67.67,8.31
1.08,77.86,79.01,9.71
1.4,91.58,82.78,8.89
1.63,77.33,85.13,8.53
2.26,110.84,98.3,7.42
1.86,105.19,101.78,7.05
1.49,68.85,59.38,8.42
1.44,83.16,62.67,8.31
1.39,75.02,28.79,9.63
1.12,57.58,42.92,7.82
1.12,53.16,53.63,6.03
0.78,39.21,37.01,7.68
0.75,35.06,29.8,12.42
0.55,31.17,36.37,11.62
1.05,47.27,42.97,10.46
1.58,61.47,44.99,10.59
2.37,57.16,40.18,12.21
3.03,47.06,63.4,12.65
1.5,42.7,52.87,9.78
1.65,74.31,52.54,8.94
1.23,74.36,75.21,11.84
1.31,94.37,94.45,12.2
2.38,104.01,85.73,11.84
1.83,106.36,85.4,14.71
3.57,146.16,74.9,14.23
3.96,131.51,97.17,18.94
4.02,126.75,48.54,15.89
2.84,122.66,29.42,12.68
1.37,79.87,123.81,10.7
2.61,105.22,62.09,14.85
3.11,89.35,48.98,11.61
3.07,75.76,44.35,13.53
2.75,74.25,40.11,13.92
2.55,76.19,39.07,13.47
1.46,64.24,48.27,9.25
1.46,82.67,67.89,11.89
3.26,109.96,82.93,12.89
3.09,177.28,15.95,15.03
3.49,114.34,85.06,12.93
4.28,124.89,76.04,16.93
2.89,118.05,95.3,15.57
2.67,100.01,77.06,25.11
3.99,122.8,85.87,26.76
4.88,117.49,76.81,22.28
1.33,78.56,88.68,21.58
3.56,107.05,68.18,19.67
4.12,90.11,34.68,20.3
4.3,84.81,62.99,29.04
4.3,91.18,28.79,27.65
2.13,109.15,154.74,102.17
4.87,94.81,83.56,62.93
5.71,110.75,62.08,48.78
5.32,91.2,72.24,53.36
3.71,93.17,41.23,29.25
1.71,65.52,62.6,28.86
3.64,139.85,50.18,36.59
4.54,139.68,35.2,30.26
1.71,89.27,92.13,61.19
6.33,89.26,81.74,61.6
3.3,101.91,55.48,37.53
1.95,76.85,89.52,59.12
2.68,103.15,66.45,31.83
2.45,100.11,52.43,28.9
2.45,102.18,79.21,29.43
5.25,103.04,16.74,46.29
12.12,128.78,5.4,39.81
4.81,76.84,46.34,38.51
5.34,107.55,36.85,40.49
5.29,113.89,33.86,43.64
5.04,95.3,47.73,38.02
4.75,94.76,46.4,41.03
5.22,105.47,39.52,47.27
5.62,106.54,39.03,51.71
2.35,91.71,39.03,29.93
2.4,84.75,51.02,44.67
2.86,94.35,42.36,29.46
2.24,60.58,33.84,23.74
2.42,112.69,32.96,48.71
5.88,88.32,41.17,46.67
3.04,82.54,59.42,24.45
2.45,85.33,14.8,49.67
2.92,74.65,16.84,32.57
1.69,79.47,19.98,23.28
6.02,65.95,23.02,54.92
6.23,67.73,25.24,48.86
4.37,54.32,26.09,37.3
5.33,58.78,21.57,39.49
5.76,67.41,21.82,35.84
2.57,76.46,24.66,26.91
3.41,87.7,14.36,33.86
2.58,73.23,13.2,35.25
1.66,77.25,19.29,31.99
2,102.54,63,57.58
6.02,93.24,58.86,47.23
1.74,100.62,74.95,28.13
2.02,77.2,68.3,28.87
2.02,85.13,75.14,41.23
2.72,88.36,68.95,38.74
1.37,82.06,88.58,31.62
1.45,89.88,71.52,36.88
2.13,96.18,53.69,35.1
4.55,81.63,51.37,40.04
4.4,115.15,46.44,42.4
3.03,80.66,53.93,50.1
2.57,94.62,60.68,34.22
5.89,96.71,17.02,68.02
4.56,112.14,43.08,45.34
7.89,125.64,16.63,54.1
7.15,91.13,43.75,39.43
5.91,75.97,37.43,36.79
1.78,74.18,33.98,30.96
2.06,83.99,57.44,28.16
5.37,58.25,77.95,46.77
4.77,68.3,70.3,48.53
2.7,86.53,67.53,25.9
1.67,76.16,47.27,20.45
1.63,67.07,26.34,19.96
0.91,51.88,58.83,17.73
1.1,74.02,50.18,28.16
3.04,83.42,53,30.64
2.39,93.26,27.53,24.69
1.64,81.89,72.1,30.53
1.82,78.8,80.84,24.2
3.37,89.99,79.01,34.83
3.16,87.64,94.46,27.03
3.48,100.93,75.41,33.26
1.64,85.41,57.34,29.12
2.65,101.79,55.09,26.88
2.93,87.27,67.39,24.54
4.74,93.3,34.62,52.42
4.04,110.44,47.28,38.04
3.9,123.01,48.64,45.14
6.81,111.57,43.92,39.84
1.35,84.08,48.16,25.47
1.47,92.86,59.33,25.91
1.86,92.55,63.4,45.96
1.32,95.29,62.17,34.53
2.77,99.37,74.21,61.51
4.55,85.88,67.39,49.45
2.11,109.35,38.61,28.29
1.57,72,48.88,28.44
1.92,80.27,59.99,30.79
2.76,93.01,77.86,40.34
2.72,76.75,74.93,27.82
2.73,99.01,49.22,39.52
1.77,94.84,33.39,30.75
1.28,63.37,62.42,27.66
1.69,84.15,64.22,30.52
1.62,90.78,68.38,39.45
1.62,106.48,57.79,41.08
1.85,100.71,26.6,40.93
1.94,77.46,31.18,44.15
2.94,65.57,22.83,33.66
0.88,30.73,60.93,17.89
0.88,44.93,93.75,28.19
1.08,76.62,80.42,60.87
3.65,128.7,43.29,95.35
3.34,127.19,54.59,29.71
1.62,69.04,79.27,21.47
3.85,116.24,75.37,41.44
3.5,95.78,68.2,37.93
4.19,103.84,82.02,3.72
3.67,113.32,81.24,10.12
2.05,88.78,74.49,10.16
1.33,65.78,64.24,27.56
1.18,52.7,83.4,79.48
1.62,69.13,78.03,101.27
0.62,48.78,127.64,44.25
2.92,74.91,64.62,74.56
0.77,33.63,158.46,108.56
1.11,69.08,71.89,38.49
1.21,77.61,64.35,98.09
3.54,103.34,59.96,27.18
2.44,65,74.5,29.95
1.49,63.01,73.97,26.82
1.5,29.24,123.41,21.87
1.5,46.55,112.58,32.09
1.32,76.1,86.3,32.37
2.63,91.98,87.14,35.02
1.87,75.58,34.86,30.65
0.79,42.11,88.34,26.72
1.11,69.89,88.5,45
1.01,69.25,98.34,45.97
3.55,103.19,60.1,37.78
1.02,69.79,96.6,44.58
1.1,62.88,73.99,30.22
0.57,36.92,118.57,29.67
0.75,48.14,111.83,39.26
1.87,72.2,80.91,55.57
1.7,81.6,82.56,56.1
5.43,135.09,26.51,51.91
0.34,20.7,120.04,22.92
0.87,55.88,66.82,33.06
2.72,93.65,74.49,52.57
1.82,67.15,80.24,49.61
0.75,47.06,117.38,35.47
1.19,78.86,92.77,46.24
0.87,60.5,110.69,37.03
2.9,97.26,136.51,56.25
1.92,86.34,147.13,45.51
3.6,129.58,132.71,44.43
4.38,141.62,125.08,38.66
3.24,108.75,130.42,60.77
3.1,104.63,135.34,58.78
4.61,178.68,61.55,45.8
1.11,88.28,140.38,39.8
1.31,95.64,52.24,43.1
1.21,74.46,57.01,34.96
0.65,53.5,90.75,30.47
1.27,77.64,109.29,28
1.58,97.5,97.43,39.61
1.13,63.39,74.23,32.72
1.05,65.36,80.26,36.62
1.03,69.32,111.33,29.44
1.15,62.6,73.72,21.54
1.43,96.66,79.71,26.38
1.24,77.32,107.39,26.98
3.35,140.14,128.07,49.07
2.06,98.11,83.48,36.07
1.26,81.33,88.9,54.82
1.76,113.45,73.46,53.83
2.4,103.83,64.11,60.13
32.19,58.17,45.44,24.47
1.5,64.61,20.25,19.27
1,44.1,47.22,20.29
1.06,75.99,57.06,30.32
0.67,43.38,50.81,21.34
1.38,81.24,36.56,19.13
0.87,65.53,40.5,16.53
0.86,69.49,85.37,21.64
0.81,57.02,42.53,22.67
0.93,46.08,94.33,16.81
0.77,43.86,64.03,16.14
1.66,69.1,61.52,13.12
0.79,49.59,57.13,14.85
0.9,64.77,70.68,21.73
1.87,93.32,106.94,27.16
2.21,101.56,86.53,20.14
1.5,63.56,45.75,17.05
0.91,47.66,61.42,16.24
1.91,61.22,30.47,17.44
4.56,76.15,47.44,24.48
0.98,59.29,33.03,17.81
1.09,58.84,48.48,27.02
0.78,55.18,64.66,16.27
0.69,42.21,83.51,16.88
0.82,47.11,41.58,19.55
0.54,31.76,39.93,12.16
1.22,62.49,18.47,15.83
0.86,43.66,17.24,14.05
0.84,46.35,29.97,16.75
1.15,51.58,18.05,15.13
1.02,47.92,12.71,9.97
1.26,43.31,42.28,13.18
1.18,45.92,34.71,14.78
1.12,47.18,39.74,15.11
1.43,54.9,37.37,17.83
0.8,44.05,36.48,3.51
1.02,52.92,38.1,8.46
0.94,51.79,27.79,9.08
0.96,43.84,26.95,8.63
0.87,34.73,37.38,8.17
0.94,47.29,33.85,7.77
0.97,52.86,32.21,8.81
1.05,55.31,45.07,9.15
1.26,51.82,25.19,9.94
1.29,59.13,29.42,8.89
0.78,30.55,10.52,7.41
1.06,53.01,19.99,10.98
1.21,56.29,21.01,8.7
0.8,37.07,23.02,9.45
0.87,48.5,23.05,9.59
0.81,39.93,22.13,8.95
0.8,46.91,24.36,13.96
0.9,47.17,43.88,13.84
1.11,46.39,21.13,9.45
0.9,40.16,21.26,8.19
0.68,24.49,24.2,6.76
0.84,40.82,22.8,8.11
1.02,39.13,13.04,10.57
0.78,37.45,18.19,11.39
0.91,41.44,21.72,8.48
1.86,42.16,21.68,9.87
0.78,29.27,27.01,8.45
1.18,54.47,59.03,10.01
1.58,69.51,41.33,9.27
1.2,52.03,30.89,7.95
0.91,38.75,22.09,6.69
1.22,44.22,46.37,9.77
1.44,53.16,113.19,6.66
0.94,36.99,22.56,9.57
1.01,39.45,22.97,9.25
0.84,40.09,21.25,8.44
0.82,33.7,26.93,7.7
1.01,38.62,24.63,9.44
0.85,34.73,21.64,8.35
1.01,39.76,36.22,9.2
1.1,36.79,24.99,9.08
1.09,41.47,24.07,8.73
1.16,30.9,25.47,9.9
0.54,26.61,23.95,6.44
0.71,35.46,26.26,7.82
1.17,51.24,67.45,9.65
1.43,48.07,50.82,11.47
1.32,44.09,20.37,10.91
0.7,26.98,14.81,8.05
0.7,28.4,12.5,8.95
0.77,40.62,10.07,8.94
0.82,39.76,10.13,8.89
0.75,19.21,17.9,4.57
1.7,44.53,14.21,8.46
0.69,24.18,15.54,5.84
0.86,44.32,15.18,7.32
1.05,45.15,17.12,7.84
0.99,45.1,9.91,8.72
0.85,41.32,12.41,6.88
0.96,37.55,11.36,9.16
0.8,36.35,15.56,9.43
0.86,34.02,10.64,8.59
0.6,27.14,13.7,8.98
0.6,30.5,10.62,8.83
0.59,31.59,12.25,14.44
0.8,36.32,12.71,16.67
1.02,38.55,20.47,16.82
0.81,34.69,17.11,16.82
0.85,34.4,19.68,15.6
1.03,38.29,18.84,13.1
1.24,44.37,22.91,18.04
0.84,46.08,21.55,15.66
1.99,50.83,39.35,17.17
1.25,63.72,32.79,17.34
1.51,66.46,34.05,17.04
1.47,66.82,36,16.37
1.39,62.7,32.62,16.77
2.48,80.22,49.22,15.24
2.98,83.55,21.22,15.29
1.42,39.22,19.99,12.06
1.43,42.21,33.78,14.74
1.99,63.88,46,12.75
2.04,56.3,36.98,15.33
2.54,61.49,37.32,15.06
2.22,53.44,32.31,18.04
1.72,79.04,95.5,7.81
2.32,76.79,44.05,18.06
1.73,54.2,45.29,15.53
2.81,79.83,33.86,19
2.44,58.86,26.48,19.03
3.19,65.87,26.23,18.22
2.55,88.91,28.56,15.35
1.87,77.93,9.85,13.34
2.56,83.32,21.32,16.84
2.14,81.69,28.84,15.35
3.36,81.34,40.41,16.64
3.56,88.06,82.67,16.2
2.65,90.19,54.87,13.26
2.24,88.19,72.28,14
2.7,76.45,56.21,19.71
2.99,82.44,44.82,15.7
2.84,76.48,46.51,20.69
3.58,97.42,78.14,19.47
3.03,89.75,69.31,21.07
3.47,83.23,62.59,29.26
3.75,95.79,64.28,28.77
3.65,92.9,57.48,25.56
3.5,78.02,46.22,24.26
3.09,69.02,46.44,25.06
2.6,68.2,43.58,27.59
3.08,76.93,68.97,23.12
1.83,83.32,55.02,22.05
3.4,70.5,42.31,31.24
3.67,91.51,51.37,32.24
4.73,109.57,71.69,31.23
3.88,93.99,67.62,20
4.5,143.37,50.7,34.93
4.4,113.41,47.86,30.09
3.74,112.11,58.29,75.49
4,112.84,49.49,35.46
4.74,144.55,40.95,30.91
4.55,123.01,51.67,30.17
4.67,126.06,36.86,25.4
5.75,117.16,47.01,28.99
2.65,84.36,54.13,24.6
2.75,103.79,60.05,30.7
3.51,120.34,60.45,33.87
4.9,126.68,65.17,37.67
4.83,106.97,59.12,25.59
3.57,102.64,58.42,32.67
6.91,125.72,45.9,40.35
3.82,128.26,36.76,22.56
3.34,122.15,43.15,34.42
2.33,115.73,37.52,34.52
2.09,114.74,35.6,31.85
2.85,127.23,40.2,36.37
4.26,121.38,42.27,31.73
5.21,106.94,39.4,31.08
4.1,115,29.21,43.03
4.1,96.94,32,32.1
4.1,121.34,32.53,35.61
1.69,84.68,41.86,33.51
1.09,69.73,45.19,38.35
1.39,82.32,39.79,35.43
1.33,78.19,38.86,45.66
3.63,130.93,37.32,38.77
5.23,112.54,11.39,28.12
3.84,69.98,16.31,24.56
3.01,90.65,15.57,28.48
2.25,105.8,12.29,32.34
3.76,103.91,2.2,28.73
3.24,103.63,16.49,33.93
3.98,143.26,12.6,39.6
3.19,104.67,22.39,29.62
3.28,92.7,15.4,28.65
4.27,78.59,25.24,33.08
3.14,95.8,15.81,27.8
2.35,74.93,27.91,29.52
3.71,84.46,24.93,30.45
4,89.46,21.89,29.52
3.12,74.43,22.91,25.28
2,79.5,29.03,26.45
3.48,90.07,29.94,38.84
3.81,97.28,30.34,32.2
3.16,84.59,38.72,30.2
3.29,91.92,20.69,33.46
1.51,75.14,16.18,38.16
1.46,61.45,25.12,33.79
2.08,76.48,18.17,38.06
5.41,102.1,25.75,30.5
2.52,72.38,24.14,24.93
4.13,54.22,31.56,25.75
2.95,61.34,32.16,23.86
3.67,62.67,28.26,24.87
1.77,40.76,13.86,23.16
1.53,46.04,27.28,23.31
2.03,63.92,23.99,25.9
1.66,57.13,35.64,25.56
1.75,66.96,35.4,26.64
2.71,74.87,42.16,28.18
2.72,82.72,41.52,34.79
6.56,111.27,21.63,32.61
1.19,52.77,93.37,25.9
2.21,69.9,25.6,29.51
1.19,44.07,29.57,25.28
2.06,81.06,20.63,27.64
1.74,73.98,35.15,25.03
1.36,60.84,40.3,24.61
1.3,61.05,62.58,25.29
2.82,92.48,33,27.08
4.96,86.33,26.3,28.51
1.66,64.54,17.66,27.01
0.99,38.36,27.84,23.58
1.28,44.75,24.37,24.86
1.82,56.44,58.11,24.63
2.88,70.83,29.69,27.44
1.76,67.31,27.65,25.14
3.84,78.69,33.35,28.27
3.46,79.73,27.13,25.78
3.71,70.18,25.63,25.01
1.41,44.93,30.37,25.37
2.68,51.64,29.32,25.57
1.24,57.53,33.26,24.23
1.58,64.66,36.27,24.39
2.43,78.43,35.62,33.51
1.53,83.98,36.74,26.56
2.09,65.55,41.91,28.39
1.34,51.19,118.29,25.69
2.32,73.71,46.79,24.71
1.85,97.44,46.67,25.27
1.68,91.03,50.93,29
1.76,92.21,46.22,29.56
1.41,76.32,73.01,28.74
1.53,75.41,55.6,25.24
2.05,84.56,36.24,25.6
2.2,54.3,72,20
1.95,57.28,61.14,26.94
2.14,64.95,70.2,25.42
1.53,80.48,20.46,28.96
0.96,24.12,181.59,24.3
1.55,65.58,92.53,29.7
3.77,97.32,24.28,32.36
3.49,91.04,51.69,30.53
2.55,81.27,12.47,31.3
1.27,55.29,62.89,28.14
1.43,52.44,71.91,28.08
1.4,53.18,79.9,31.76
1.37,42.52,88.78,34.73
1.87,58.94,72.34,35.9
1.79,58.85,53.57,32.99
1.25,45.47,19.81,29.57
1,27.93,157.6,27.5
1.22,28.31,71.11,27.1
1.28,29.9,89.48,26.26
1.54,34.1,80.71,26.33
1.92,44.73,63.85,26.74
2.13,38.59,43.57,30.34
1.44,31.17,44.7,30.99
1.74,39.44,77.33,28.09
2.3,50.17,73.88,27.56
1.96,50.19,75.67,30.48
1.58,46.46,84.94,33.81
3.11,56.87,22.27,32.39
1.29,21.1,38.24,44.88
3.12,30.46,46.67,45.23
3.79,37.83,64.51,42.53
3.84,43.03,58.66,40.7
2.42,43.9,84.11,57.32
2.54,38.9,83.24,39.5
1.58,45.52,68.44,44.08
1.78,31.17,18.64,44.6
3.11,44.71,23.07,45.2
2.58,33.99,66.27,43.29
0.74,25.6,139.85,33.12
1.17,29.69,98.22,43.57
1.16,27.14,93.87,31.86
1.17,29.78,81.76,34.34
1.07,26.42,80.81,33.43
1.25,33.19,94.2,42.07
1.73,32.64,67.29,47.92
1.1,32.76,79.53,51.42
2.84,51.99,99.99,40.8
2.97,60.66,43.19,59.09
1.09,28.37,85.15,34.5
1.7,43.61,113.2,46.84
3.06,48.58,112.76,46.31
3.33,54.67,99.05,51.59
2.64,50.61,137.04,56.55
1.84,39.07,75.95,37.53
1.09,23.75,100.47,44.49
1.11,26.96,102.02,45.24
1.87,39.81,101.57,47.71
2.48,47.93,66.13,55.43
1.83,39.27,82.32,47.25
2.77,34,57.59,39.09
0.99,29.85,131.05,48.28
1.4,39.44,72.81,48.54
1,26.66,84.2,31.97
1.94,41,67.15,37.47
1.4,35.55,36.4,32.26
1.88,48.33,91.07,44.41
1.26,30,112.86,42.37
0.98,19.38,97.79,35.99
1.09,25.18,76.03,29.18
1.39,35.84,159.94,37.94
2.29,56.31,68.18,37.07
3.1,70.4,33.52,37.82
2.72,85.55,75.11,34.32
3.39,92.42,102.7,31.07
2.59,70.88,63.57,30.67
0.92,42,52.02,21.42
1.28,41.23,30.7,23.59
1.15,28.14,14.37,25.29
4.02,128,43.48,38.8
3.12,107.64,36.98,37.73
0.95,23.62,0.94,8.65
0.28,13.38,32.83,11.23
0.47,25.07,32.19,16.23
0.05,2.87,5.45,1.64
0.24,16.26,1.88,3.7
3.04,102.8,27.92,28.83
0.58,36.13,24.49,15.67
2.63,118.44,29.51,23.17
4.29,90.8,30.72,21.49
3.94,83.53,39.55,27.45
4.11,105.16,48.71,33.94
3.84,112.2,28.38,28.5
3.88,119.94,31.35,15.17
4.87,155.02,28.69,34.72
3.62,146.73,40.76,29.34
3.74,170.03,29.97,12.25
3.71,190.34,26.27,8.23
4.26,223.65,35.2,6.39
4.58,144.9,30.15,6.12
2.83,122.61,23.59,23.63
3.22,101.99,20.72,16.08
3.74,104.37,22.78,33.36
2.24,92.06,19.15,40.57
2.02,105.01,35.22,42.42
1.18,71.02,44.74,29.06
2.01,99.85,35.32,32.09
2.15,88.59,34.54,27.91
2,93.75,34.86,35.36
2.08,97.12,34.53,42.43
2.31,106.26,35.71,46.55
2.27,113.82,38.32,51.07
3.99,115.07,55.05,45.97
3.35,111.03,36.2,44.5
3.08,114.77,30.82,43.12
3.79,132.77,17.17,34.59
4.61,127.36,25.6,27.38
3.09,122.75,25.56,32.64
3.32,130.29,21.36,34.69
3.85,148.95,21.53,34.57
3.6,148.02,14.19,26.57
4.19,152.21,22.91,37.33
2.33,110.66,23.71,43.39
1.9,95.95,27.42,49.24
1.78,100.09,36.34,47.42
3.07,125.57,33.47,49.99
3.55,144.53,25.01,46.19
4.16,138.51,19.76,36.43
2.92,81.42,16.18,16.26
2.42,63.57,27.51,15.15
1.19,56.74,20.66,16.65
0.37,73.85,57.95,36.48
1.19,89.3,23.8,55.34
2.33,96.02,14.02,57.66
2.74,91.44,25.78,42.27
5.2,79.07,23.34,43.04
0.75,66.75,26.02,43.95
3.05,73.84,27.22,33.88
2.08,78.44,25.46,31.18
2.41,73.46,26.4,40.05
2.87,77.48,21.01,40.18
3.59,86.72,22.7,40.45
2.49,93.42,35.62,52.96
2.01,92.53,32.72,33.24
3.32,72.2,24.54,19.24
3.19,99.61,20.41,23.39
2.64,82.47,20.08,18.45
2.28,72.63,22.04,23.85
2.1,89.36,20.47,15.43
2.21,76.9,14.73,16.53
2.76,71.96,28.99,14.35
2.01,76.53,33.09,24.58
1.44,80.5,32.43,37.08
2.41,83.58,34.17,38.61
1.53,84.52,37.43,52.59
1.22,72.24,37.07,53.27
1.31,97.2,31.18,64.69
3.11,95.95,30.3,34.92
2.16,90.24,34.34,43.42
2.42,85.92,29.91,46.93
1.06,68.41,50.63,45.21
2.26,86.21,20.8,24.76
2.8,70.44,15.07,26
2.35,93.02,37.48,33.86
1.88,83.9,11.56,42.15
0.63,50.58,67.31,31.7
2.62,86.34,25.64,38.17
3.03,106.92,25.72,15.27
2.22,65.87,34.63,12.81
2.11,24.5,5.3,29.97
2.49,43.34,55.01,26.7
2.63,109.11,49.76,39.5
1.88,85.39,51.52,34.91
3.55,114.72,25.71,23.06
0.21,151.45,45.07,15.68
2.75,118.84,38.95,18.49
2.28,94.14,34.07,16.81
0.51,48.65,44.28,14.22
0.62,56.98,34.5,8.49
0.42,49.34,51.47,12.07
0.46,48.72,61.05,16.08
0.8,63.34,49.86,22.55
1.2,77.42,47.1,35.09
1.48,77.09,48.29,28.54
2.32,83.57,40.02,24.73
2.09,99.93,48.33,26.57
3.57,85.85,36.63,25.46
3.1,93.67,35.56,32.05
3.1,117.94,17.02,27.41
2.26,96.06,35.08,24.77
1.4,79.48,14.93,21.49
0.55,39.14,26.09,10.82
0.54,58.55,38.78,6.77
2.01,82.39,43.84,25.52
1.68,98.76,40.65,30.64
1.15,91.79,6.87,13.81
1.54,80.72,41.19,19.61
1.18,74.58,39.76,24.57
1.28,72.2,42.72,21.72
1.05,71.34,44.68,27.42
1.07,82.91,45.86,21.02
0.36,97.74,55.69,14.22
0.72,84.33,50.11,32.55
1.26,78.81,46.3,30.4
1.01,66,57.23,32.15
1.8,81.5,52.59,28.65
1.51,81.3,58.78,37.08
2.38,82.63,40.08,29.52
1.84,84,28.69,31.01
1.24,78.77,47.12,32.28
1.26,70.63,29.6,33.24
0.56,27.99,127.02,24.08
1.1,81.26,51.68,33.07
1.63,77.04,61.52,30.11
1.92,95.71,45.1,58.73
0.88,52.69,60.61,44.94
0.71,43.42,69.08,30.68
1,59.33,63.06,38.18
0.91,49.67,79.21,38.05
0.98,62.66,73.31,37.6
1.51,85.22,54.66,51.55
2.35,81.07,40.49,38.94
0.87,58.24,70.89,38.87
1.36,76.43,64.74,31.14
1.7,89.54,66.39,32.14
1.19,79.83,84.34,18.84
1.35,101.89,70.17,18.66
1.39,106.62,68.97,20.52
1.18,86.56,47.22,21.56
2.94,113.11,54.36,38.29
1.44,97.28,45.12,38.46
0.75,51.36,67.83,11.1
0.86,56.61,72.82,14.29
0.84,54.75,54.45,15.46
1.74,73.68,64.88,27.9
0.78,79.57,33.71,14.46
0.22,36.53,15.22,6.38
0.11,174.43,22.44,41.18
0.44,115.77,18.72,49.62
0.42,79.62,17.92,26.01
0.25,55.56,11.24,21.78
2.57,81.84,46.52,27.16
1.63,81.23,36.57,14.45
1.5,44.82,61.58,16.31
1.09,53.83,72.25,29.72
1.63,62.93,71.67,19.27
1.85,85.9,60.4,28.28
2.24,95.81,48.62,23.97
2.81,102.94,42.57,33.98
2.34,99.81,56.55,31.27
1.45,57.28,88.28,17.34
1.73,64.21,67.42,26.35
1.77,68.85,59.58,15.87
1.01,48.63,86.83,22
1.27,51.1,86.45,7.33
1.38,52.65,46.78,13.93
1.46,39.39,82.34,15.63
2.01,66.79,63.91,17.24
2.84,94.04,45.95,20.67
2.01,76.57,54.58,20.67
1.85,53.76,76.8,10.47
2.01,89.66,46.1,13.36
1.15,68.24,57.45,10.74
1.48,108.62,57,22.71
2.84,130.41,66.2,23.18
2.82,59.36,85.08,4.1
1.12,36.63,86.37,8.56
0.91,56.98,78.15,20.54
1.11,76.07,60,18.48
0.63,73.74,36.25,18.67
1.13,81.81,59.63,33.24
1.86,86.47,44.94,28.69
0.86,63.69,63.41,26.76
1.31,85.74,62.54,34.63
1.19,97.02,59.42,37.01
2.32,126.22,33.74,46.73
1.88,119.43,43.04,39.72
2.2,105.25,53.93,32.58
1.67,94.56,55.51,41.56
3.18,111.61,12.45,35.45
0.97,66.3,123.71,32.11
2.27,92.16,61.81,31.47
0.94,56.71,79.07,25.54
0.92,71.01,66.8,22.87
0.95,71.94,63.84,28.07
0.7,49.47,84.42,26.45
0.77,40.36,101.97,23
0.84,50.59,73.98,20.43
0.8,44.24,73.32,20.43
0.91,58.53,59.55,21.19
0.22,66.45,10.02,8.91
0.97,53.63,62.65,19.96
0.71,35.06,51.94,16.07
1.02,60.34,62.84,21.03
1.01,66.02,31.01,13.44
0.67,61.27,27.38,18.18
0.58,36.87,17.46,18.6
0.51,25.06,18.54,20.2
0.59,25.28,21.03,18.48
0.8,28.37,20.14,20.83
0.71,32.21,26.36,19.15
0.61,44.46,26.67,16.31
0.52,41.87,43.32,20.92
0.45,75.37,30.21,17.42
0.88,81.16,33.66,22.58
0.76,89.33,52.07,20.87
0.47,112.59,30.82,27.44
1,109.36,41.91,27.17
0.9,96.75,34.75,22.25
0.54,65.85,26.18,19.84
0.89,64.45,21.76,15.84
0.74,57.43,19.74,15.4
0.84,68.83,20.54,16.43
1.13,64.83,21.88,15.17
0.54,36.75,25.85,15.67
0.78,57.94,28.8,17.48
0.78,56.88,26.17,16.83
0.86,79.58,24.66,15.26
0.97,100.48,21.22,16.81
0.91,56.32,36.74,17.6
1.13,95.86,43.23,15.99
1,75.66,45.48,16.95
0.73,47.16,32.86,16.05
0.87,36.42,26.78,14.69
0.74,35.43,24.31,14.87
0.97,44.35,12.08,15.26
0.72,31.56,17.13,15.47
0.86,37.42,15.01,16.68
1.37,39.87,13.95,16.64
0.79,46.57,14,15.45
0.69,36.71,16.54,16.09
0.82,42.26,13.15,15
1.2,57.03,22.93,16.99
0.8,38.85,16.89,15.04
0.98,55.98,15.75,15.75
0.72,7.09,13.6,17.47
1.05,25.46,13.65,14.74
1.07,6.6,17.93,15.28
0.92,4.73,23.57,14.62
0.76,4.52,25.69,14.76
1.03,5.89,21.52,15.77
0.76,9.5,26.38,16.1
0.99,18.69,21.42,16.26
0.7,20.11,20.25,14.83
0.77,31.28,22.22,16.04
0.87,23.91,17.33,14.33
0.92,8.68,15.13,14.58
1.06,10.64,23.38,14.68
1.11,10.64,19.23,14.99
1.32,13.65,29.08,16.71
1.31,16.12,29.42,15.96
1.68,11.38,24.16,13.22
1.07,10.54,22.64,16.06
1.13,50.6,23.77,14.89
1.19,68.74,34.27,15.03
1.83,56.87,32.5,15.46
1.07,51.01,30.43,15.77
1.18,37.85,28.18,14.45
0.75,17.88,27.66,13.74
1.09,29.24,22.65,14.85
1.25,23.98,41.1,14.28
0.64,16.5,29.11,13.36
0.83,17.59,26.16,15.94
0.77,14.52,18.23,15.02
0.58,13.96,19.14,14.62
0.77,13.63,20.82,16.3
0.57,8.42,25.6,16.15
0.82,16.86,19.18,16.38
0.84,13.11,9.63,16.93
0.98,7.58,22.84,15.83
0.9,10.27,17.6,17.17
1.06,15.19,12.2,16.49
1.38,13.42,31.81,16.65
1.02,16.01,14.81,16.14
1.4,15.86,27.07,17
0.77,11.2,17.9,16.38
1.07,11.21,25.83,16.96
1.04,17.49,26.49,16.46
1.04,13.64,14.83,16.25
0.73,7.82,21.77,16.9
0.63,7.09,24.62,16.91
0.66,7.76,20.99,17.06
0.73,10.27,17.68,16.48
0.58,8.68,19.03,17.07
0.67,10.19,21.1,17.36
1.19,13.94,23.22,17.3
0.99,21.3,20.88,18.73
0.47,8.75,37.36,16.26
0.74,10.57,38.11,16.63
0.89,14.92,45.58,17.11
1.18,33.38,52.33,16.31
1.43,43.74,27.8,17.82
0.77,27.76,18.15,18.27
0.73,22.98,26.63,16.05
0.75,61.91,15.99,16.53
0.65,47.57,24.6,16.28
0.89,49.55,30.15,16.45
1.1,58.69,38.93,16.82
2.2,60.39,36.04,18.97
3.07,70.11,36.89,16.24
1.21,67.22,41.18,16.03
1.45,74.51,44.37,16.67
1.99,72.27,37.07,16.14
1.3,84.9,21.45,17.68
1.88,79.42,5.27,15.57
2.08,122.39,49.87,16.98
1.78,86.92,37.55,17.28
1.98,83.2,45.75,18.92
2.19,92.43,48.84,19.83
2.17,102.42,60.58,21.35
2.33,72.24,41.8,21.94
1.32,72.27,39.43,17.79
1.11,71.99,38.09,22.81
1.82,71.75,47.64,21.49
1.79,73.58,49.11,20.56
2.77,76.56,61.55,19.24
2.09,71.84,45.92,17.79
2.91,61.26,32.82,17.44
2.09,87.88,38.06,18.92
1.71,110.54,47.11,20.84
3.18,126.16,41.61,21.57
0.85,104.19,41.26,20.53
1.87,109.86,40.99,19.1
2.9,116.53,48.72,13.45
3.36,122.76,38.32,15.24
3.44,86.21,28.9,13.57
3.26,55.69,37.25,10.22
2.7,42.62,44.88,9.31
1.62,51.36,36.52,8.89
2.75,56.05,33.37,7.96
2.87,47.66,39.75,7.13
3.04,52.72,35.78,6.49
2.92,53.47,37.03,6.44
1.9,53.21,20.82,6.4
0.64,54.22,13.4,6.03
1.37,71.76,27.4,5.99
1.06,67.72,42.58,4.77
0.88,56.5,50.86,4.67
2.27,64.34,23.66,18.77
2.73,66.96,41.4,8.77
2.67,69.62,32.29,7.57
2.91,98.03,72.35,6.07
3.1,132.74,65.31,7.5
2.26,151.12,54.4,6.64
1.72,94.84,41.61,5.24
1.93,85.44,33.36,4.99
1.28,81.33,43.22,4.22
1.13,98.65,36.02,4.68
2.06,93.07,37.66,5.91
1.81,103.73,38.16,5.02
1.81,110.23,35.71,5.73
1.73,121.18,38.51,5.7
1.7,126.82,28.1,7.68
2.48,126.01,35.32,7.27
0.95,84.09,26.46,5.71
1.17,101.51,23.56,7.21
1.95,119.57,30.45,10.72
1.3,98.13,30.87,7.82
2.41,92.64,26.58,6.14
2.92,102.46,27.58,8.27
1.6,108.96,25.38,4.97
1.69,104.5,24.34,5.49
2.82,91.47,27.06,7.23
2.73,108.73,27.56,6.7
3.22,117.44,27.66,6.43
0.76,104.7,23.71,4.38
0.87,113.62,27.04,6.54
2.75,98.02,23.59,5.75
2.77,99.73,24.07,5.53
3.45,111.54,26,6.91
3.4,103.32,27.19,6.7
2.05,99.42,32.15,8.59
3.04,86.59,42.24,12.89
2.08,70.9,35.83,14.69
1.53,76.13,35.61,14.44
1.39,77.97,34.49,14.4
2.65,80.79,35.55,16.1
0.86,92.06,37.01,16.6
2.95,102.44,99.61,25.68
1.54,101.98,77.56,22.34
2.8,97.74,109.21,21.82
2.7,100.33,101.35,19.41
3.35,128.88,110.53,21.53
3.67,94.19,146.41,19.97
2.32,94.27,127.33,20.67
2.97,87.78,102.5,17.76
0.97,92.99,66.41,18.39
3.82,84.7,86.58,21.17
1.12,63.63,59.42,18.2
0.77,61.5,54.84,20.41
2,61.84,81.99,23.28
3.09,53.8,75.83,21.8
2.47,48.49,55.26,21.03
2.73,47.83,60.87,20.87
2.02,57.55,57.43,20.47
0.93,56.94,30.05,17.07
0.4,51.77,40.36,18.29
1.22,53.43,12.14,17.4
1.82,38.66,13.98,17.04
0.49,42.44,14.32,17.88
1.32,46.54,14.45,18.47
0.68,62.64,14.51,21.88
1.13,77,13.46,21.13
1.51,76.13,14.03,18.11
1.32,97.93,10.6,17.03
1.68,79.67,9.91,15.12
5.36,53.32,14.58,21.53
0.85,62.16,14,18.29
1.26,66.79,22.37,11.9
1.42,69.1,15.18,5.19
2.13,98.06,12.17,8.52
1.53,71.64,15.37,6.17
1.78,65.4,14.92,6.81
1.49,54.02,20.11,7.83
1.09,78.78,16.38,11.31
1.57,96.13,12.99,6.62
1.18,88.35,13.77,7.63
1.42,88.52,11.92,3.22
1.73,70.41,13.76,12.2
2.37,82.43,13.12,7.79
1.86,108.11,9.43,7.96
1.9,113.27,11.12,10.03
2.2,61.52,22.33,7.43
2.11,61.59,15.64,8.34
3.11,76.95,13.45,7.54
3.34,82.06,14.35,9.29
2.06,96.49,13.22,7.8
2.56,82.64,12.87,7.28
1.45,88.44,11.19,4.68
1.1,52.86,19.17,5.33
1.35,75.03,13.71,3.32
2.25,97.71,12.87,7.02
1.76,91.44,12.72,6.69
1.77,69.32,20.58,7.88
1.34,64.4,62.04,6.34
1.93,71.76,57.91,9.73
0.92,70.6,80.45,14.19
1.37,78.52,50.22,9.62
1.94,70.43,54.56,6.83
1.5,75.9,55.61,7.14
1.03,58.67,62.31,6.63
0.96,62.21,74.53,7.63
1.21,67.39,62.92,7.09
1.26,65.16,49.48,8.31
1.32,69.46,44.86,7.2
1.34,73.23,61.45,8.97
1.75,85.41,63.32,9.07
2.21,80.29,47.69,10.37
1.8,76.45,52.29,7.08
1.21,75.86,45.83,7.96
1.28,64.38,62.56,13.41
1.36,81.58,57.76,11.63
1.41,85.42,51.49,10.66
1.23,87.05,56.99,11.76
2.01,92.8,57.42,14.98
1.3,75.41,48.75,12.05
1.24,57.83,53.16,6.99
1.45,67.84,59.92,9.23
2.19,76.15,49.52,11.13
1.44,67.86,51.65,12.35
1.61,61.34,50.31,11.34
1.39,59.63,46.81,10.85
1.39,61.67,46.07,11.02
1.31,63.67,45.85,11.86
2.03,69.04,39.53,11.4
1.19,32.26,62.8,6.27
1.2,47.77,63.68,8.05
1.32,63.36,56.95,14.35
1.42,77.27,63.8,19.5
2.16,83.59,59.95,16.11
1.85,88.15,58.19,15.15
2.71,85.26,51.4,14.09
2.06,73.87,71.43,9.5
1.94,76.68,74.43,9.26
0.22,79.57,55.34,12.21
0.69,74.54,47.8,18.12
1.41,65.17,61.05,15.81
1.19,82.76,50.56,12.31
2.42,74.95,87.82,12.55
1.68,96.25,50.37,11.11
1.68,94.09,53.16,10.55
1.38,66.41,75.83,11
1.62,77.81,49.76,8.88
1.16,36.1,128.99,6.63
1.95,85.66,59.64,10.58
2.45,85.66,41,10.92
2.68,79.04,42.49,10.09
1.92,68.28,46.3,6.8
1.68,64.72,51.41,6.53
1.72,62.42,57.82,7.42
1.44,59.41,70.5,7.51
1.97,91.33,71.35,12.12
1.16,40.05,81.42,4.37
2.02,88.73,40.37,5.97
0.91,74.41,50.3,4.53
1.76,65.3,48.16,4.47
1.68,44.61,53.08,2.7
1.65,51.86,75.58,5.77
1.86,70.66,49.27,7.52
1.5,62.63,62.22,8.35
1.27,60.48,41.63,4.75
1.84,77.66,55.86,5.43
1.36,49.18,31.76,3.12
1.39,44.81,60.88,4.77
1.38,51.06,75.34,4.67
1.73,67.48,63.6,6.81
1.8,71.58,66.16,9.07
1.69,72.51,71.8,8.82
2.8,81.4,56.11,7.36
2.18,60.36,60.95,7.85
2.59,77.57,41.06,6.55
1.56,45.85,66.4,3.55
1.5,38.38,60.33,2.58
1.4,33.55,85.69,2.87
1.68,49.2,73.08,3.28
1.71,54.75,52.53,4.79
1.48,43.89,84.9,2.84
1.54,65.88,82.11,2.53
2.34,85.65,60.93,3.98
2.2,85.57,51.92,4.29
2.44,77.28,38.24,7.3
2.13,57.34,54.56,7.94
1.37,35.45,65.16,5.48
1.6,43.2,70.48,6.88
2.17,76.72,61.28,10.01
1.33,31.08,51.76,6.19
1.39,31.17,42.6,5.37
1.45,42.31,54.68,6.59
1.89,67.63,52.67,6.27
1.26,31.06,74.63,5.77
1.52,55.56,74.13,5.36
1.81,69.79,77.09,7.18
1.63,54.68,44.51,6.33
1.38,34.5,47.62,5.07
1.33,39.64,61.74,6.67
1.38,57.16,63.62,5.2
1.78,63.18,55.68,6.82
1.4,52.87,43.04,6.77
1.35,38.44,44.32,6.53
1.6,46.62,37.53,5.88
1.53,45.78,61.42,4.94
1.4,46.13,66.36,4.7
1.44,34.83,40.81,5.86
1.49,36.28,31.32,7.2
1.68,56.66,21.03,4.6
1.51,35.44,31.67,5.26
1.56,34.54,38.09,5.18
1.61,50.77,33.78,7.47
1.61,42.35,18.51,5.14
1.49,36.56,17.45,5.6
1.42,35.82,20.33,5
1.51,34.8,18.03,5.79
1.51,31.37,22.36,5.51
1.45,32.85,21.91,4.91
1.47,42.23,23.24,5.83
1.62,49.67,23.99,5.75
1.48,40.25,35.04,5.62
1.61,42.32,30.07,5.95
2.08,41.4,46.1,9.13
1.71,53.11,33.3,6.46
1.76,45.89,37.32,4.69
1.97,44.09,22.62,6.18
2.05,52.49,36.36,6.14
1.72,64.12,32.1,5.56
1.54,34.35,21.11,5.81
1.73,40.6,19.04,5.25
1.49,36.3,25.2,5.48
1.57,30.19,18.08,5.2
1.54,31.67,19.76,5.23
1.56,39.82,18.74,5.46
1.6,37.89,24.57,5.9
1.55,36.34,25.85,4.79
1.59,38.41,23.27,5.74
1.7,43.18,23.05,4.41
1.66,40.67,28.57,5.52
1.91,36.79,22.6,5.99
1.64,40.93,15.11,4.93
1.94,43.34,23.18,6.33
1.53,36.16,17.85,5.78
1.52,35,17.03,6.25
1.43,25.16,20.55,5.19
1.42,25.33,22.62,5.77
1.49,29.54,20.36,5.45
1.7,33.12,17.08,5.54
1.66,38.09,33.78,5.82
2.09,41.59,16.69,6.02
1.48,28.69,17.87,6.11
1.46,20.94,12.2,4.73
1.39,17.06,15.58,5.35
1.45,26.01,40.97,4.11
1.8,37.19,22.03,5.1
1.61,39.25,29.69,6.18
1.79,45.6,25.85,6.71
1.69,40.33,30.11,5.99
2.34,43.96,28.41,6.55
1.54,33.69,27.03,4.74
1.5,32.73,21.89,5.54
1.62,37.98,26.34,6.11
1.66,38.72,26.41,6.51
1.58,33.65,30.85,6.27
1.53,30.62,34.51,6.06
1.8,42.09,38.29,6.77
2.04,53.22,27.53,7.05
1.68,40.15,55.31,18.03
1.87,60.22,39.79,16.59
1.78,62.79,38.05,7.43
1.58,32.66,30.66,3.84
1.6,34.91,29.6,6.16
1.56,33.09,33.19,6.45
1.63,35.39,41.61,5.5
1.84,43.4,37.56,6.77
1.94,46.02,51.29,6.74
2,54.26,59.66,6.28
1.92,53.06,29.05,6.67
1.54,30.26,27.34,5.61
1.52,31.21,40.5,8.15
1.58,27.16,35.84,6.08
1.74,36.88,56.89,6.94
1.78,59.34,59.79,5.61
1.48,42.2,50.57,4.9
1.48,26.62,39.81,7.51
1.5,34.39,34.37,6.69
1.61,37.38,40.81,6.53
1.61,35.95,27.24,6.14
1.51,35.26,38.37,5.47
1.48,42.22,38.93,6.06
1.3,41.87,40.14,6.2
0.84,31.97,27.07,6.17
0.7,12.86,23.26,4.26
0.89,10.95,24.59,2.46
2.42,0.4,34.48,2.89
0.82,0.92,39.82,5.45
0.86,0.5,52.83,3.36
1.62,0.28,59.59,5.46
0.92,22.46,49.04,3.44
1.26,46.19,50.64,3.94
1.35,52.47,64.98,4.23
0.98,54.35,44.97,3.24
0.56,41.56,56.49,3.09
1.91,47.16,64.14,4.52
2.13,69.58,73.5,5.65
0.4,73.5,67.79,3.47
0.42,69.96,59.16,5.1
0.36,68.96,53.32,4.85
0.42,62.26,52.68,5.53
0.97,65.04,63.28,6.81
1.31,76.19,68.26,9.28
1.27,69.83,43.62,7.84
1.75,63.14,38.75,9.35
0.47,56.55,52.38,10.74
0.93,33.97,41.37,8.28
0.67,30.99,45.36,8.34
0.11,31.54,43.17,8.87
1.45,45.11,20.42,7.62
2.69,93.39,20.33,10.69
2.75,61.69,20.8,11.3
2.52,36.16,20.91,11.68
2,36.05,21.54,10.41
1.07,38.94,23.38,15.74
1.72,80.55,20.48,11.5
2.38,39.08,23.94,10.47
2.4,43.77,25.26,12.09
2.29,57.61,26.65,11.55
1,45.58,21.8,10.47
1.63,36.48,22.01,11.42
0.99,35.59,26.59,11.29
0.94,37.95,27.28,13.19
1.73,34.19,23.34,12.41
1.1,17.76,18.27,11.49
1.28,6.44,27.54,10.02
1.2,14.51,26.45,10.92
0.91,28.03,30.9,11.99
1.67,34.99,32.7,11.98
1.51,38.56,37,12.53
1.87,55.97,33.08,13.15
2.72,95.26,21.39,12.76
2.26,68.97,37.74,12.03
0.74,43.24,31.41,13.1
0.57,24.31,35.14,11.55
0.74,7.68,35.46,10.66
1.4,9.43,36.97,11.61
1.63,17.72,40.26,12.45
3.35,52.14,55.69,14.49
2.43,47.75,47.41,13.29
2.13,30.8,30.46,12.52
0.58,27.43,31.97,12.77
0.87,38.36,26.02,13.32
2.64,53.89,71.76,14.58
0.66,45.86,26.19,12.78
0.45,29.04,29.8,11.67
0.54,28.54,26.59,12.97
1,40.02,25.19,10.46
0.85,37.88,32.13,10.87
1.22,47.79,31.64,10.89
1.56,50.64,35.99,13.37
1.48,55.21,29.41,12.05
2.99,64.9,30.58,12.34
2.01,65.39,25.79,13.13
1.25,57.26,28.25,12.36
2.43,51.31,33.32,12.97
2.05,50.43,37.16,9.38
2.1,37.37,38.77,12.85
2.7,41.65,30.28,13.87
1.4,59.19,32.14,10.86
0.53,36.22,26.04,10.59
0.47,31.05,22.74,12.36
0.85,32.96,23.67,11.21
0.47,28.42,19.31,12.32
0.41,22.17,22.16,10.25
1.04,29.69,28.4,11.44
2.26,30.52,18.35,12.87
1.29,31.67,20.88,13.35
1.06,41.44,20.89,12.78
0.78,21.47,19.95,8.24
0.74,33.16,23.42,12.88
1.59,51.2,23.76,11.16
1.12,38.39,20.11,9.97
0.62,32.48,20.82,9.37
0.98,40.9,18.64,10.27
1.74,27.17,22.96,11.43
2.15,5.73,31.44,10.73
1.84,68.6,19.64,10.69
0.68,18.59,21.1,9.68
2.35,16.56,25.54,13.42
2.05,17.33,42.52,14.3
2.14,9.43,31.66,14.92
1.95,12.99,40.61,12.62
0.9,67.22,24.4,12.31
1.08,72.77,15.92,14.34
0.77,52.52,19.77,13.03
0.74,44.4,16.71,11.12
0.39,28,20.09,10.65
0.77,40.81,21.44,11.42
1.24,51.53,26,13.7
3.59,64.55,21.52,12.78
0.25,63.61,21.82,14.14
0.72,36.29,22.54,10.95
0.85,40.25,23.11,11.88
0.95,43.73,16.77,13.41
0.93,28.75,25.8,11.84
1.11,38.38,26.94,12.27
0.68,31.87,29.56,9.96
0.55,27.83,24.86,10.46
1.82,45.02,19.94,12.08
2.37,74.14,15.53,12.1
0.41,12.95,24.62,11.12
0.55,11.64,26.44,16.18
1.38,49,22.08,11.74
2.58,65.05,21.42,13.47
3.12,99,12.56,13.42
0.54,47.33,14.28,11.5
0.38,5.67,17.06,10.57
0.27,35.49,25.8,10.3
0.66,34.56,17.11,10.46
1.36,36.71,19.46,10.57
0.78,29.31,19.77,10.42
0.67,44.8,22.05,10.37
2.18,65.35,22.71,11.92
2.17,67.53,20.97,11.43
0.63,35.64,21.06,10.89
1.46,42.83,17.73,12.05
0.65,42.24,18.41,11.05
0.73,51.08,20.34,10.41
0.88,65.65,20.88,11.67
1.6,81.06,19.73,10.76
0.78,81.04,20.39,11.49
0.44,41.16,23.05,12.04
0.33,30.15,29.09,10.71
0.35,37.76,25,12.48
0.52,71.73,21.53,11.2
1.29,90.3,20.09,12.61
0.56,74.6,21.78,12.09
1.29,96.36,22.42,11.88
0.45,51.33,29.83,11.74
0.36,42.33,20.83,10.45
0.36,42.25,14.09,11.31
1.14,55.55,15.84,11.8
0.47,46.72,16.33,10.89
0.64,52.96,19.93,10.45
0.92,61.15,16.81,11.26
0.9,53.09,21.48,10.08
0.4,35.61,21.34,10.54
0.28,26.06,22.16,9.76
0.2,26.34,18.63,10.77
1.35,41.29,21.42,11.96
0.72,37.06,27.57,11.72
0.95,42.57,22.84,10.51
0.33,29.66,19.29,10.54
0.21,24.65,21,10.36
0.38,23.41,43.42,11.71
1.16,24.83,10.84,13.58
0.42,17.54,8.03,14.16
0.98,32.47,7.99,14.67
0.33,30,8.02,13.26
0.21,21.88,17.52,14.21
0.75,44.01,37.29,14.87
0.31,45.91,27.42,11.83
0.52,55.93,32.95,11.34
0.36,59.77,38.28,11.86
0.56,61.79,44.79,13.05
0.87,67.51,45.83,13.75
0.86,69.49,42.34,15.76
0.65,83.76,50.9,19.06
0.65,65.74,48.4,17.67
1.05,64.77,42.69,16.03
0.35,26.53,61.18,13.99
0.74,41.99,39.34,15.95
0.32,21.99,36.19,11.91
0.32,13.78,40.45,13.26
0.3,14.94,33.3,12.16
0.16,12.92,42,10.73
0.19,11.22,51.01,11.5
0.23,12.22,62.17,12.8
0.25,14.94,62.77,14.31
0.32,11.47,62.12,15.45
0.38,8.4,63.34,13.23
0.72,15.67,74.79,9.51
